burgers,salmon,cookies,soup,milk,mineral water,french fries,pancakes
ham,eggs,milk,salmon,pancakes,french fries,burgers,cookies
eggs,salmon,mineral water,soup,milk,burgers,ham,french fries
pancakes,soup,mineral water,eggs
eggs,french fries,burgers,pancakes,cookies
pancakes,ham
pickles
salmon,mineral water,burgers
cookies,soup,ham
milk,soup,pancakes,ham,burgers,salmon
burgers,french fries,milk,salmon,ham,cookies
cookies,mineral water,soup,eggs,ham
french fries,ham,milk,burgers,mineral water,soup,cookies
salmon
mineral water
cookies,mineral water,eggs,burgers,french fries,milk,soup
cereals
salmon,pancakes,french fries,cookies,burgers,mineral water
ham,eggs,salmon,cookies,french fries
milk,mineral water,french fries,cookies,eggs
ham,burgers,salmon,french fries,pancakes,cookies
ham,milk,eggs,burgers,soup
burgers,milk
eggs,soup,mineral water
french fries,pancakes,milk,mineral water,cookies
french fries,milk,eggs,ham
honey
burgers,milk,salmon,pancakes
milk,mineral water,pancakes
mineral water,cookies,soup,burgers,pancakes
french fries,burgers,soup,pancakes,eggs,mineral water
cookies,french fries,milk,pancakes
burgers,french fries,milk,pancakes
tuna
mineral water,ham,french fries,cookies,milk,salmon,burgers,soup
soup,cookies,french fries,pancakes,milk,salmon,eggs
olive oil
french fries,salmon,eggs,milk
salmon
burgers,milk
soup,burgers,ham,salmon
french fries,cookies
soup,eggs,milk,french fries,burgers
cookies,mineral water,soup,ham,eggs,french fries,salmon
french fries,mineral water,pancakes,cookies,burgers,eggs
milk,pancakes,eggs,soup
eggs,soup,burgers,french fries,milk,pancakes,cookies,salmon
french fries,mineral water,burgers,eggs,pancakes
cookies
milk,french fries
milk,pancakes,soup,ham,mineral water
french fries,salmon,milk,eggs,burgers,ham
cookies,pancakes,eggs,salmon,soup,ham,milk
soup,eggs,milk,mineral water,french fries,cookies,burgers
soup,eggs,french fries,pancakes
mineral water,cookies,soup,ham,pancakes,eggs,milk,french fries
ham,cookies,milk,mineral water,burgers,french fries,pancakes,soup
eggs,french fries,salmon
soup
burgers,pancakes,milk
pancakes,french fries,ham,soup
pancakes,eggs,french fries
burgers,soup,pancakes,milk
pancakes,french fries,salmon,milk,ham,mineral water
burgers,salmon,ham,soup,cookies,pancakes,mineral water
soup
mineral water,salmon,french fries
burgers,soup,french fries
cookies,burgers,pancakes,milk,mineral water,ham
eggs,ham,milk,burgers,cookies,salmon
juice
eggs,soup
ham,milk,cookies,eggs,burgers
mineral water
mineral water,eggs
salmon,pancakes,milk,french fries,soup,mineral water,ham
pancakes,eggs,soup,burgers,ham,french fries
eggs,milk,salmon,cookies,french fries
salmon,eggs
salmon,french fries,burgers,eggs,milk,mineral water
mineral water,french fries,burgers,pancakes,soup
pancakes,ham,eggs,burgers,soup,mineral water,milk
pancakes,burgers,ham,eggs
cookies,ham,french fries,salmon
juice
mineral water,burgers,cookies,milk,eggs,salmon
french fries,soup,mineral water,eggs
cookies,pancakes,salmon
soup,eggs,ham,mineral water,salmon,french fries,pancakes
mineral water,milk,cookies,eggs
cookies,soup,mineral water,salmon,eggs,french fries,burgers
eggs,french fries,pancakes,cookies
milk,salmon,french fries,ham,pancakes,cookies,eggs
mineral water,cookies,pancakes,eggs,soup,burgers
eggs,ham,mineral water,cookies,pancakes
french fries,eggs,milk
avocado
milk,burgers,soup,cookies,pancakes,salmon,eggs,french fries
burgers,pancakes,cookies,mineral water,eggs,french fries
french fries,eggs,salmon,mineral water,burgers
cereals
eggs,mineral water,french fries,cookies,salmon,milk,burgers,pancakes
french fries,soup,pancakes
french fries,salmon,cookies,burgers,mineral water,ham,eggs
pancakes,cookies,mineral water,soup
avocado
french fries,burgers,soup
burgers,salmon,french fries,ham,milk,soup,pancakes
fresh bread
eggs,french fries,salmon,soup,pancakes
soup,ham,pancakes,french fries,milk
eggs,mineral water,cookies,pancakes
soup,burgers,french fries
french fries,cookies
bacon
salmon,cookies,soup,pancakes,french fries,mineral water
pancakes,milk,burgers,french fries,eggs
french fries,salmon,milk,pancakes,ham,mineral water
french fries,milk,burgers
soup,mineral water,cookies,milk,burgers
cookies,ham,french fries,salmon
burgers,ham,soup,salmon,eggs,french fries
soup
avocado
ham,french fries,salmon,pancakes,cookies
soup,ham,eggs,french fries,pancakes,salmon,cookies,milk
milk,burgers,mineral water,ham,soup,eggs,salmon
olive oil
pancakes,salmon,cookies,mineral water,eggs,soup
burgers,french fries,cookies,milk,salmon,ham,mineral water
french fries,eggs,ham,mineral water,soup,milk,burgers
eggs,burgers
honey
pancakes,eggs,mineral water,soup,ham,burgers,salmon,cookies
french fries,cookies,eggs,milk
cereals
pancakes,cookies,soup,milk,ham
eggs,pancakes,salmon,soup,cookies,french fries
pancakes
eggs,soup,cookies,french fries,mineral water
tuna
mineral water,french fries,salmon,cookies,burgers,milk,eggs,pancakes
milk,eggs,salmon
eggs,mineral water
olive oil
eggs,burgers,cookies,ham,salmon
soup,salmon,cookies,mineral water,ham,burgers
pancakes,burgers,ham,eggs,cookies,soup,french fries
salmon,burgers
salmon,soup,burgers,cookies,eggs,french fries,ham,mineral water
mineral water,salmon,burgers
ham,milk,cookies,salmon,pancakes,burgers,soup,mineral water
eggs,pancakes,cookies,soup,salmon
mineral water,salmon
bacon
mineral water,milk,cookies,salmon,burgers,eggs,french fries,pancakes
pancakes,eggs,french fries,milk,salmon,soup,ham
milk,salmon
pancakes
burgers,cookies,salmon,eggs,ham,milk,pancakes,french fries
french fries,burgers,soup
pasta
burgers,pancakes,ham,mineral water,eggs,milk,cookies,french fries
salmon,soup,cookies,mineral water,burgers
milk,ham,salmon,cookies
olive oil
burgers,eggs,soup,cookies,french fries,pancakes
french fries,mineral water,ham,burgers
french fries
milk,ham,eggs,french fries
french fries,salmon,pancakes,milk,soup,eggs,burgers,ham
eggs,milk,french fries,salmon,pancakes
cookies,ham,soup,salmon
burgers,french fries,salmon,milk
cookies,salmon,milk,eggs
mineral water,milk,cookies,french fries,ham,pancakes,salmon
cookies,pancakes,ham
pancakes,eggs,burgers
mineral water,cookies,eggs,salmon,milk,pancakes
cookies,soup,salmon,mineral water
cookies,eggs,salmon,burgers,ham
burgers,cookies,milk,soup
ham,pancakes,eggs,burgers,french fries
salmon,pancakes,ham,cookies,mineral water
ham,burgers,soup,mineral water,milk,salmon
ham,burgers,french fries,pancakes,milk
ham,eggs,french fries,salmon,soup
mineral water,soup
pancakes
mineral water
salmon,milk,ham,french fries,soup,eggs
salmon,mineral water,french fries,ham,soup,eggs,burgers
soup,burgers,milk,pancakes,eggs
mineral water,cookies,milk,soup,ham,eggs,pancakes
pancakes,french fries,mineral water,milk,eggs,burgers
burgers,salmon,cookies,eggs
mineral water,burgers,soup,cookies
pancakes,salmon,ham,mineral water,soup,burgers,eggs,milk
eggs,pancakes,salmon,soup
milk,pancakes,eggs
salmon,mineral water,soup,cookies,milk,french fries
salmon,ham,pancakes,milk,soup
milk,pancakes
salmon,soup,french fries,milk
burgers,eggs,pancakes,mineral water,ham,milk
olive oil
milk,cookies
mineral water,french fries,eggs,salmon,soup,milk,burgers,cookies
pancakes,milk,ham,french fries,cookies,eggs,soup
french fries,milk
pancakes,eggs,mineral water
pancakes,eggs,ham,french fries,cookies,mineral water,burgers
french fries,eggs,milk,pancakes,burgers,mineral water,cookies
salmon,milk,burgers,pancakes,mineral water
french fries,eggs,milk,cookies,ham,soup
eggs,cookies,ham,french fries
eggs,soup,ham,cookies,salmon,pancakes,burgers
french fries,milk,cookies,soup,ham,burgers,salmon,pancakes
pancakes,burgers,mineral water,salmon,ham
soup,french fries,cookies,salmon
french fries,mineral water
burgers,milk
salmon,mineral water,burgers
mineral water,salmon,ham,french fries,milk
burgers,french fries,salmon
cookies,soup,mineral water,milk
salmon,milk,burgers,ham,soup,pancakes,french fries,mineral water
ham,burgers,eggs,soup,salmon,milk
pancakes,cookies,soup,salmon,eggs,mineral water,french fries
mineral water,pancakes,milk,salmon,eggs
salmon,pancakes,eggs,french fries,cookies,ham,soup
french fries,soup
pancakes,cookies,salmon,french fries,ham,burgers,milk
milk,mineral water
salmon,milk,eggs,soup,burgers
cookies,ham
pickles
french fries,milk,eggs,ham,burgers,pancakes
milk,french fries,eggs,pancakes,soup
eggs,burgers,mineral water,milk,soup
pickles
milk,french fries,pancakes,mineral water,burgers
eggs,milk,french fries,soup,burgers
salmon,soup,burgers,pancakes,ham,eggs,mineral water
mineral water,milk,burgers,salmon,eggs,french fries
cookies,salmon,pancakes,ham,french fries,mineral water
milk,cookies,ham
soup,burgers,salmon,cookies,french fries,pancakes,milk
soup,salmon,cookies,mineral water,milk
ham,mineral water,burgers
milk,soup,french fries,cookies,salmon,pancakes,eggs,burgers
soup
salmon,eggs,burgers
cookies,soup,eggs,ham,salmon
soup,ham,eggs
mineral water,eggs,pancakes,soup,burgers,cookies
pancakes,french fries,burgers,cookies,milk,mineral water
mineral water,french fries,milk
pancakes,soup,french fries,mineral water,cookies,salmon,eggs
cookies,milk,salmon
milk,burgers,pancakes,salmon
salmon,eggs
pancakes,ham,cookies
mineral water,salmon,pancakes,french fries,milk,ham
salmon,burgers,french fries,pancakes,milk,soup
ham,eggs,burgers,salmon,soup
milk,pancakes,soup,eggs,ham,french fries,cookies
burgers,soup,cookies,salmon,mineral water
burgers,salmon,eggs,soup,french fries,ham,milk,pancakes
milk,salmon,burgers
ham,soup,cookies
milk,cookies,mineral water,pancakes,soup,french fries,eggs,salmon
honey
eggs,soup,cookies,french fries,ham,pancakes
burgers,french fries,ham,soup
pancakes,mineral water,ham,burgers,salmon
french fries,burgers,eggs,cookies,salmon,ham,mineral water
mineral water,cookies,salmon,soup,milk,pancakes
cookies,burgers,french fries,milk,salmon
french fries,cookies,burgers,pancakes,soup,eggs,ham,milk
milk,cookies,soup,mineral water,french fries,pancakes
salmon,milk
milk
burgers,french fries,cookies,eggs,salmon
french fries,soup,mineral water,pancakes,ham,milk,eggs,cookies
milk,salmon,soup
salmon,soup,burgers,mineral water,french fries,ham,milk
french fries,mineral water,salmon,eggs,burgers
mineral water,milk,cookies,eggs,soup,burgers,ham
ham,pancakes,soup,cookies,eggs
eggs,burgers,milk,mineral water
pancakes,mineral water,milk
french fries
pancakes,milk
milk
soup,pancakes,milk
cookies,burgers
soup,cookies,ham,burgers
salmon,french fries,burgers,soup,eggs
ham,milk,french fries,cookies
pancakes,mineral water,ham
cookies,mineral water
milk,soup,burgers,eggs,salmon,cookies,mineral water
pancakes,cookies,eggs,ham,milk,soup,french fries,mineral water
cookies,eggs,mineral water,salmon,soup,ham
milk,soup,salmon,pancakes,french fries,cookies,ham
burgers,cookies,milk,salmon
soup,mineral water,cookies,french fries
eggs,burgers,salmon,milk,soup,pancakes,mineral water,cookies
soup,milk,mineral water,eggs,cookies,salmon
eggs,burgers,french fries
cookies,mineral water,salmon,french fries
french fries,salmon,ham,cookies,pancakes,burgers,mineral water
milk
mineral water,french fries,milk,eggs,ham,salmon,pancakes,burgers
ham,salmon,eggs,pancakes,soup,mineral water
ham,french fries,burgers,milk,mineral water,salmon,eggs,pancakes
cookies,ham,french fries,burgers,soup,eggs,salmon,mineral water
cookies,french fries,pancakes,soup,ham,salmon
french fries,soup
mineral water,ham,soup
french fries,ham,mineral water
soup,mineral water,salmon,milk,burgers,pancakes
milk,soup,french fries,salmon,burgers,ham
pancakes,cookies,soup,milk,eggs,french fries,ham,burgers
pancakes,ham,soup,mineral water,burgers,french fries,salmon
milk,salmon,cookies,ham,mineral water,pancakes
tomato sauce
milk,french fries,burgers,ham,soup,pancakes,salmon
mineral water,pancakes
burgers,milk,cookies,salmon,french fries,pancakes
eggs,pancakes,french fries,milk,soup,salmon,cookies
soup,french fries,milk,pancakes,cookies,eggs,salmon,burgers
ham,french fries,mineral water,milk,burgers,salmon,soup,pancakes
french fries,mineral water
ham,french fries,burgers,soup
olive oil
mineral water,pancakes,soup,cookies
milk,ham,soup
mineral water,burgers,pancakes,ham
pancakes
pancakes,ham,milk,french fries,mineral water,burgers
salt
mineral water,ham,cookies,salmon
cookies,pancakes,ham,salmon
soup,pancakes,eggs,ham
burgers,milk,soup,mineral water
cookies,soup,mineral water,ham,eggs,pancakes,burgers,milk
soup,ham
pancakes,cookies,eggs,salmon,french fries,ham,soup
burgers,french fries,eggs,salmon
french fries,soup,milk,eggs
french fries,burgers,soup,pancakes,cookies,ham
milk,salmon,pancakes
soup,eggs,french fries,salmon,mineral water
pancakes,ham,burgers,eggs
ham,pancakes,mineral water
french fries,burgers,pancakes
tuna
soup,salmon,cookies,ham,burgers
cookies
pickles
mineral water,cookies
ham,mineral water,salmon,cookies
ham,cookies
pancakes,salmon,mineral water,soup,eggs,french fries,burgers
eggs,milk,cookies,ham,soup,salmon,pancakes
pancakes,milk,cookies,salmon
eggs,ham,soup,french fries,salmon
olive oil
salmon,cookies,mineral water,pancakes,ham,soup
salmon,eggs,burgers,mineral water
burgers,milk,mineral water,eggs,french fries,soup,cookies,pancakes
pancakes,eggs,milk
burgers,eggs,pancakes,french fries,ham
burgers,soup
mineral water,milk,burgers,ham,eggs,french fries,pancakes,salmon
eggs,salmon,ham,cookies
ham,milk,burgers,pancakes,french fries
burgers,mineral water
pancakes,ham,salmon,cookies,soup,milk
mineral water,salmon,pancakes,cookies,eggs,ham,french fries,milk
milk,soup,salmon,pancakes
milk,soup
burgers,cookies,salmon,eggs,ham,mineral water
burgers,soup,mineral water,cookies
milk,eggs,cookies,salmon,pancakes,mineral water,ham
ham,mineral water,soup,milk,burgers,cookies,french fries
french fries,eggs,salmon,burgers,mineral water,soup
soup,salmon,french fries,cookies
french fries,salmon
french fries,milk,eggs
cookies,mineral water,salmon,french fries,milk,pancakes,soup,eggs
soup,ham,cookies,salmon,eggs
ham,soup
ham,salmon,cookies,french fries,soup,eggs
eggs,pancakes
french fries,salmon,burgers
milk,pancakes,soup,mineral water,burgers
salmon,cookies,eggs,burgers,milk
eggs,french fries,ham,pancakes
fresh bread
ham,mineral water,french fries
french fries,pancakes,salmon,cookies,eggs,ham
burgers,eggs,milk
mineral water
salmon,burgers,pancakes,french fries,ham,mineral water,soup,milk
cookies,mineral water
mineral water,burgers,ham,milk
brownies
pancakes,burgers,mineral water,ham,salmon,eggs,french fries,milk
pancakes,mineral water,cookies,ham,eggs,milk
eggs,milk
mashed potato
burgers,milk,ham,mineral water,soup,cookies
cookies,french fries,pancakes,ham,milk,mineral water,salmon
salmon,milk,cookies
pickles
eggs,milk,mineral water,burgers,french fries,ham,cookies
soup,mineral water
mineral water,eggs,ham,pancakes,milk,cookies,burgers
pancakes,milk,salmon,cookies,ham
salmon,eggs,soup
ham,eggs,cookies,mineral water,soup,pancakes
cookies,french fries
milk,soup,salmon,ham,pancakes
salmon,soup,burgers
mineral water,eggs,cookies,burgers,ham,milk
soup,ham,burgers,pancakes,french fries,eggs
burgers,soup,cookies
eggs,milk,cookies,burgers,soup,mineral water,ham,salmon
mineral water,ham
milk
french fries,milk,salmon,mineral water,pancakes,ham
mineral water,salmon,burgers,french fries,eggs,pancakes
burgers
pancakes,burgers
pancakes,milk
burgers,cookies,soup
soup,cookies,pancakes,ham,mineral water,french fries
pancakes,soup,eggs,burgers,mineral water
cookies,soup,mineral water,ham,burgers,salmon,eggs,milk
honey
french fries,mineral water,salmon,pancakes,ham,milk
burgers,soup,ham,french fries,salmon,mineral water,pancakes
cookies,french fries,burgers,milk,salmon,ham
milk,eggs,salmon,mineral water,french fries
salmon,mineral water,milk,eggs,pancakes,burgers,soup
soup,pancakes
mineral water,french fries,cookies,ham,soup,milk,burgers,pancakes
mineral water,pancakes,eggs,milk,french fries,ham,cookies
cookies,eggs,french fries,soup,salmon
french fries,pancakes
mineral water,burgers,pancakes
ham,french fries
pancakes,ham,french fries,mineral water,soup
pancakes,mineral water,salmon,french fries,milk,eggs
ham,salmon,soup,french fries,milk
burgers,eggs
french fries
burgers,salmon,ham,eggs,mineral water
mineral water,burgers,milk,eggs
milk,mineral water,soup,french fries,eggs
cookies,salmon,french fries,ham,pancakes,mineral water
pancakes,burgers,salmon,french fries,soup,eggs,cookies
pancakes,salmon
salmon,pancakes,mineral water,soup,ham,milk
french fries,mineral water,ham,eggs,milk,soup,burgers,pancakes
mineral water,french fries
soup,eggs,mineral water,milk,cookies
burgers,mineral water
french fries,milk,pancakes,eggs,soup
ham,cookies,mineral water,french fries,eggs,milk,burgers
ham,cookies
soup,cookies,eggs,ham,french fries,pancakes,milk
pancakes,milk,eggs,mineral water,burgers
mineral water,cookies,eggs,pancakes,ham,salmon
french fries,soup,milk,burgers,eggs,ham,mineral water
brownies
mineral water,ham,eggs,french fries,cookies,pancakes,burgers
soup,ham,eggs,salmon,burgers,cookies,mineral water
mineral water,french fries,burgers,milk,soup,cookies,eggs
pancakes,soup,milk,french fries
salmon,soup,burgers,eggs,ham,cookies
pancakes,mineral water,soup
pancakes,milk,eggs,french fries,soup,cookies
eggs,milk,pancakes,salmon
eggs,french fries,milk,mineral water,pancakes,ham,salmon
pancakes,eggs
french fries,salmon,cookies,burgers,ham,pancakes,mineral water
french fries,ham,salmon,burgers,pancakes
french fries,milk,salmon,cookies,ham,eggs
ham,milk,mineral water
cookies,french fries,milk,ham,pancakes,mineral water,eggs
cookies,salmon,ham,eggs,mineral water,burgers,french fries,soup
cookies,eggs,soup,mineral water,salmon
eggs,milk,french fries
milk
eggs,cookies,french fries,ham,mineral water,soup,burgers,milk
burgers,french fries,salmon,cookies,mineral water,milk,ham,eggs
mineral water,milk,soup,french fries,cookies,eggs,burgers
eggs,ham,salmon,burgers
ham,pancakes,mineral water,milk,french fries
milk,ham
french fries,pancakes,soup,milk,salmon,eggs
cookies
milk,pancakes,ham,burgers,soup,eggs,salmon,cookies
honey
ham,cookies,soup,milk,mineral water
eggs,cookies,salmon,mineral water
eggs,french fries,cookies,pancakes,ham,burgers,mineral water
cookies,pancakes,eggs,french fries,burgers,mineral water
burgers,milk,eggs,ham,soup,french fries
french fries,burgers,pancakes,ham,mineral water,salmon
eggs,burgers,salmon,cookies,ham,mineral water,pancakes
cookies,salmon,ham,milk
mineral water,salmon,burgers,eggs,cookies,milk
salmon,mineral water,cookies,eggs,ham,burgers
cookies,burgers,eggs,french fries,ham,mineral water,salmon
soup,milk,ham,mineral water,cookies
soup,french fries
fresh bread
soup,salmon,french fries,burgers,ham,eggs,milk
burgers,eggs
milk,french fries,mineral water,cookies,pancakes,salmon
soup
pancakes,milk,salmon,ham,soup,french fries,burgers
mineral water,salmon,eggs,milk,pancakes,french fries
soup,cookies,pancakes,milk
french fries,milk,eggs,ham,pancakes,salmon,soup,mineral water
milk,burgers
cookies
pancakes,soup,ham,eggs,burgers,french fries,milk
cookies,eggs,pancakes,milk,ham,salmon,soup
ham,cookies,mineral water,salmon,milk,pancakes,soup,french fries
mineral water,pancakes,burgers,ham
cookies,pancakes,salmon,french fries,soup,burgers
french fries,milk,pancakes
brownies
salmon,mineral water,cookies,pancakes
eggs,pancakes,burgers,cookies,mineral water
burgers,milk,salmon,soup,ham
cookies,burgers,salmon,pancakes,mineral water
milk,eggs,cookies,french fries,ham,pancakes
burgers,soup
pancakes,cookies,eggs,burgers,ham,soup,salmon,mineral water
milk,burgers,french fries,mineral water,pancakes,cookies,soup,eggs
ham,pancakes,burgers,soup,salmon,french fries,eggs
salmon,french fries,burgers,eggs,milk,cookies,pancakes
burgers,salmon,ham,cookies,milk,soup,eggs,pancakes
milk,burgers,soup,ham,pancakes,eggs,french fries
ham,burgers,pancakes,mineral water,milk,salmon
ham,eggs,milk,soup,french fries,mineral water
burgers,french fries,milk,soup,mineral water,salmon,pancakes,cookies
brownies
mashed potato
french fries,pancakes,salmon,eggs,soup,ham,mineral water,cookies
mineral water,eggs
salmon,cookies
ham,salmon
burgers,mineral water,ham,eggs,pancakes,french fries
burgers,pancakes,ham
burgers,eggs,ham,milk
brownies
french fries,ham,cookies,eggs,mineral water,soup,pancakes
mineral water,salmon,eggs
avocado
pancakes,salmon,french fries,ham,eggs,milk,soup
mineral water,pancakes,ham,cookies,salmon,burgers,soup,milk
burgers,cookies
french fries,burgers,pancakes,soup,salmon,eggs
french fries,burgers,eggs,pancakes,ham
pancakes,cookies,burgers,milk,french fries
cookies,burgers,salmon,french fries,pancakes,mineral water,eggs
salmon,pancakes,burgers,eggs,ham
salmon
cookies,salmon,milk
eggs,burgers
soup,cookies,milk,eggs,salmon
burgers,eggs,soup,pancakes,ham
fresh bread
burgers,french fries,ham,milk,mineral water,soup
soup,ham
mineral water,pancakes,soup,ham,milk,burgers,eggs
mineral water,ham,french fries,milk
french fries,pancakes,ham,mineral water
cookies,pancakes,salmon
pancakes,cookies
pancakes,soup,salmon,french fries,milk
salmon,french fries,cookies
pancakes,eggs
salmon,burgers,pancakes,milk,soup,french fries
french fries,cookies,milk
mineral water,burgers
ham,cookies,soup,milk,mineral water,burgers
fresh bread
pancakes,burgers,french fries,mineral water,eggs,salmon
milk,ham,soup,eggs,mineral water,pancakes,cookies,french fries
cookies,french fries,burgers,eggs,milk,salmon,pancakes
pickles
cookies
milk,salmon,pancakes,burgers
milk,mineral water,soup,salmon
burgers,salmon,cookies,french fries,mineral water
tomato sauce
soup,milk,cookies
salmon,cookies,french fries
salmon,milk,burgers,french fries,soup,cookies,ham
burgers,milk,eggs
eggs,ham,salmon
cookies,french fries
eggs,cookies,salmon,milk,soup,ham
french fries,milk
salt
mineral water,eggs,burgers,french fries,cookies,pancakes
burgers,salmon
salmon,pancakes,cookies,french fries,soup
soup,salmon,cookies,milk,eggs,mineral water,burgers,ham
pasta
ham,soup,salmon,burgers,eggs,milk,cookies,french fries
mineral water,salmon,cookies,burgers
soup,cookies
soup,pancakes,ham,cookies
french fries,soup,burgers,salmon,eggs,pancakes,cookies,milk
french fries,ham,cookies,eggs
soup,mineral water,cookies,french fries,eggs,milk
burgers,cookies,ham,milk,soup
milk,salmon,mineral water,cookies,burgers,eggs
tuna
milk,ham,burgers,salmon,french fries,eggs,mineral water
burgers,french fries,salmon
mineral water,soup,eggs,burgers,salmon,french fries,cookies
pancakes,cookies,burgers,mineral water,eggs,ham
ham,salmon,pancakes,french fries,cookies
pancakes,mineral water
pancakes,mineral water
ham
pancakes,mineral water,eggs,salmon,milk
salmon,ham,soup,mineral water,burgers
salmon,ham,soup
salad
honey
french fries,eggs,mineral water
salmon,mineral water,burgers,ham,pancakes
french fries,milk,eggs
milk,salmon,pancakes,french fries,mineral water,ham,cookies
soup,salmon,french fries,eggs
burgers,salmon,mineral water,cookies,eggs,french fries,pancakes
eggs,cookies,ham,french fries,salmon,milk,mineral water
ham,milk
cookies,salmon,milk,burgers,soup,eggs,pancakes,mineral water
soup,pancakes
ham,mineral water,milk
pancakes,milk,cookies
eggs,mineral water,cookies,burgers
cookies,burgers,french fries
burgers,salmon,soup,milk,mineral water,cookies,ham
milk,burgers,ham,mineral water,pancakes,french fries
fresh bread
pickles
ham,pancakes,french fries,burgers,mineral water,eggs,cookies,soup
tuna
cookies,soup,eggs
burgers,soup,french fries,mineral water,milk,eggs,pancakes,cookies
cookies,mineral water,milk,ham,french fries,salmon,burgers
ham,pancakes,mineral water,eggs,cookies,soup
milk,burgers,eggs,french fries,cookies,pancakes
salmon,burgers,pancakes,soup,eggs
fresh bread
salmon
salmon,burgers,eggs,milk,mineral water,cookies,ham
cookies,pancakes,milk,french fries,burgers,salmon
french fries
soup,pancakes,eggs,cookies,ham,mineral water,french fries
cookies,french fries,salmon,eggs,mineral water,milk,pancakes,soup
ham,burgers,cookies,french fries,soup,mineral water
french fries,burgers,salmon,soup,milk,ham,cookies
french fries,cookies
eggs,mineral water,burgers,ham,milk,soup,french fries,cookies
ham,pancakes,milk,french fries,salmon
pancakes,milk,ham,french fries
pancakes,ham
pasta
milk,ham,salmon,eggs,pancakes,mineral water
milk,cookies
bacon
ham,pancakes,cookies,soup,eggs
cookies,ham,burgers,mineral water,eggs,french fries,salmon
eggs
pancakes,milk,eggs,salmon,soup,burgers
eggs,cookies,french fries,salmon,milk,pancakes
mineral water,milk,french fries,pancakes,cookies,soup,ham
eggs,ham,mineral water,burgers,french fries,salmon,pancakes,soup
cookies,ham,salmon
mineral water,ham
burgers,milk,salmon
eggs,milk,french fries
milk,cookies,burgers
salmon,soup,ham
salmon,eggs,milk,ham
ham,burgers
salmon,ham,eggs
mineral water,ham,milk,pancakes,eggs
soup,cookies,eggs
pancakes,ham,milk,soup,eggs,french fries
mineral water,french fries,milk
soup,burgers,pancakes,eggs,french fries
burgers,salmon,eggs,french fries,mineral water
mineral water,eggs
mineral water,milk,ham,burgers,eggs,pancakes,soup
french fries,mineral water,ham
cookies
french fries,burgers,eggs,cookies,ham
cookies,soup,salmon,french fries,mineral water,ham,pancakes
pancakes,mineral water,soup,burgers,milk,french fries
pancakes,soup,salmon,french fries,cookies,ham
french fries,burgers,eggs,salmon,soup,cookies
burgers,eggs,soup,french fries,ham,milk,cookies
soup,ham,cookies,burgers,pancakes,mineral water,milk,salmon
bacon
french fries,milk,burgers,ham,eggs,cookies,pancakes
milk,eggs,soup,mineral water,salmon,pancakes,cookies
ham,pancakes,cookies,mineral water,french fries
eggs,french fries,soup,cookies,pancakes
soup,eggs,milk,ham,salmon,cookies,french fries,mineral water
french fries,pancakes,mineral water,cookies,eggs,soup
eggs,salmon,mineral water,soup,milk,pancakes
salmon,cookies
pancakes,milk
burgers,pancakes,cookies,salmon,french fries,milk,mineral water
burgers,ham,mineral water
ham,pancakes,cookies,soup,mineral water,burgers
cookies,french fries,eggs,soup,milk,salmon,ham,pancakes
mineral water,burgers,french fries,salmon,pancakes,eggs,ham
mineral water,pancakes,soup,ham,cookies,burgers,milk
mineral water,french fries,cookies
soup,cookies,mineral water,french fries,burgers,milk,eggs,ham
pancakes,french fries,burgers
ham,french fries
mineral water,milk,burgers
pancakes,cookies,ham,burgers,french fries,milk
salmon,milk,cookies
milk,french fries,soup,eggs,ham
ham,salmon,pancakes,eggs,mineral water,cookies,soup
ham
soup,salmon,french fries,mineral water
pancakes,soup,french fries,burgers,milk,eggs,mineral water,salmon
eggs,burgers,soup,milk
mineral water,milk,salmon
pancakes,cookies,soup,burgers
pickles
mineral water,soup,milk,french fries,ham
burgers,eggs,soup,french fries
salmon,french fries,burgers,ham,milk,cookies,pancakes
french fries,ham,pancakes,eggs
pancakes,burgers,ham,soup,cookies,french fries,eggs,milk
mineral water,burgers,milk,pancakes,salmon,french fries,eggs,ham
fresh bread
pancakes,eggs,burgers,milk,soup,salmon,mineral water,french fries
eggs,ham,mineral water,salmon,burgers,pancakes,french fries
burgers,ham,salmon
eggs,cookies,ham,milk
cookies,french fries,burgers,eggs,pancakes,soup
tomato sauce
soup,burgers,salmon,mineral water
french fries,ham
mineral water
ham,soup,salmon,milk
mineral water,salmon,milk
mineral water,pancakes
salmon,soup,mineral water,burgers
french fries,pancakes,milk,ham,mineral water,burgers,salmon,cookies
tomato sauce
milk,mineral water,ham,french fries,burgers
salmon,cookies,ham,mineral water,soup,pancakes,burgers
mashed potato
honey
eggs,ham,soup
soup,french fries,mineral water,pancakes,milk,eggs
burgers,soup,french fries,eggs,cookies,ham,pancakes,milk
pancakes,soup,cookies,milk,salmon,mineral water
milk,burgers,soup,salmon,eggs,french fries,cookies
soup,pancakes,salmon,ham,mineral water,burgers,cookies,milk
burgers,cookies,milk,eggs,mineral water,soup,salmon,ham
burgers,milk,cookies,salmon,french fries,soup
pancakes,ham,cookies,milk
soup,burgers,salmon,ham,eggs
burgers
pancakes,cookies
burgers,soup,salmon
salmon,mineral water,milk,burgers,pancakes,eggs,french fries,cookies
milk,french fries,eggs,cookies,soup,burgers
pancakes,milk,eggs,french fries,cookies,ham,salmon,burgers
mineral water,burgers,pancakes,milk
french fries,milk,burgers
salmon,milk,eggs,ham,soup,mineral water,french fries,burgers
ham,mineral water,milk,burgers
soup,cookies
soup,ham,pancakes,mineral water,french fries,burgers,eggs
eggs,milk
eggs,cookies,soup,milk,ham,mineral water
soup,french fries,cookies,ham,eggs,milk,mineral water,salmon
ham,pancakes,milk,soup,burgers,eggs,cookies,salmon
cookies,burgers,pancakes,eggs,milk,salmon
mineral water,milk,soup,salmon,ham
salad
french fries,cookies,ham,mineral water,salmon
burgers,cookies,salmon,pancakes,ham,soup,mineral water,eggs
milk,burgers,salmon,cookies,french fries,pancakes,soup,mineral water
milk,burgers,french fries,eggs
french fries,burgers,soup,salmon,milk,pancakes,ham,mineral water
cookies,eggs,salmon,soup,mineral water
cookies,ham,salmon,burgers,mineral water,milk,soup
milk,pancakes
cookies,salmon,french fries,ham,milk,mineral water,pancakes
pancakes,salmon
milk,salmon,pancakes,burgers,ham,soup
cookies,milk,pancakes,eggs,salmon,burgers,ham,french fries
cookies,ham,pancakes,eggs,milk,mineral water
eggs,milk,salmon
french fries,eggs,milk,pancakes,mineral water,salmon,soup,ham
ham,milk,pancakes,salmon,burgers
soup,cookies,burgers,mineral water,ham,french fries,pancakes
mineral water,cookies,salmon,soup,milk,french fries,burgers
salmon,soup,ham
honey
eggs,french fries,salmon,milk,burgers,mineral water
burgers,ham,french fries,eggs,milk,cookies,pancakes
eggs,french fries,milk,soup,salmon
salmon,burgers,milk,soup,pancakes,french fries,cookies
ham,eggs,french fries,milk,soup,pancakes,salmon
milk,french fries
mineral water,french fries,burgers,eggs,salmon,pancakes
milk,cookies,ham,burgers,mineral water,pancakes,salmon,soup
cookies,ham,burgers,french fries,mineral water,milk,salmon
cookies,ham,soup,pancakes
burgers,cookies,mineral water,salmon,pancakes,ham
eggs,soup,mineral water
eggs,mineral water
mineral water,soup,pancakes,salmon
salmon,pancakes,eggs,ham,burgers,soup,mineral water,milk
french fries,salmon,cookies,soup,eggs,pancakes
cookies,mineral water,milk
salmon,mineral water,ham,eggs,milk,cookies
cookies,pancakes,milk,mineral water,eggs,salmon
mineral water,milk,salmon,cookies,eggs,burgers
french fries
salad
eggs,burgers,soup
salmon
burgers,soup,cookies,pancakes,french fries,mineral water,ham
mineral water,salmon,cookies,eggs,milk,pancakes,french fries
salmon,milk
burgers,eggs,cookies,pancakes,milk,ham,soup,french fries
eggs,french fries,cookies,pancakes,burgers,milk,mineral water
cookies,eggs,soup,milk,pancakes,french fries,mineral water
pancakes,ham,soup,salmon,burgers,french fries
salmon,mineral water,pancakes,eggs
soup,mineral water,burgers,milk,pancakes
salad
pancakes,soup,ham,cookies,milk,eggs
french fries,pancakes
salmon,french fries,eggs,mineral water,soup,ham,milk
brownies
burgers
eggs,burgers,soup
burgers,french fries,pancakes,salmon,soup,eggs,ham
eggs,burgers,ham,french fries,mineral water,salmon,pancakes
french fries,eggs,cookies,salmon,burgers
french fries,mineral water
salmon,french fries,mineral water,soup,pancakes,cookies,milk
milk,eggs,cookies,pancakes,mineral water,soup,salmon
french fries,cookies,salmon,mineral water,ham,soup,burgers
burgers,milk,soup,eggs,french fries,mineral water
ham,eggs,mineral water,salmon,cookies
milk,eggs,burgers,salmon,soup
tomato sauce
cookies,french fries,milk,mineral water
milk,burgers,salmon
soup,pancakes,ham,cookies,burgers,eggs,mineral water
fresh bread
ham
soup
soup,cookies,milk,burgers
mineral water,eggs,burgers,pancakes,cookies
french fries,salmon,eggs
cookies,french fries,eggs,salmon
salmon,soup,eggs,french fries
soup,cookies,pancakes,french fries
milk,pancakes,salmon
soup,milk,salmon,french fries,mineral water,burgers,eggs,cookies
french fries,burgers,cookies,mineral water,milk,eggs,soup
mineral water,burgers
salmon,burgers,eggs,cookies,mineral water,soup
salmon,mineral water,eggs,soup
ham,french fries,mineral water,burgers
mineral water,milk,soup,burgers,pancakes,ham
french fries,pancakes
milk,pancakes,eggs,cookies,burgers,mineral water
eggs,milk,cookies,ham,mineral water,french fries
ham,salmon
mashed potato
pancakes,mineral water,ham,french fries,cookies,milk
milk,ham,french fries,soup,eggs,mineral water,pancakes,burgers
salad
pancakes,french fries,salmon,ham,mineral water,cookies,eggs,burgers
mashed potato
cookies,salmon,milk
french fries,pancakes,burgers
ham,french fries,cookies,burgers,soup,mineral water,milk,salmon
cookies,burgers,eggs,ham,soup
mineral water,salmon,soup,milk,eggs
burgers,cookies,pancakes,milk,mineral water
milk
burgers,milk
salmon,cookies,french fries,burgers,ham
salmon,milk
milk,ham,cookies,french fries,pancakes,salmon,burgers
soup,mineral water,salmon,ham,pancakes,cookies,burgers
soup,mineral water,french fries,burgers,eggs,cookies,pancakes
cookies,soup,milk,pancakes,mineral water,french fries
salmon,french fries,pancakes,burgers,eggs
mineral water,salmon,milk,french fries,ham,soup,burgers,eggs
mineral water,eggs,cookies
cookies,mineral water
burgers,mineral water
eggs,mineral water,cookies,soup
burgers,cookies,soup,ham,pancakes
mineral water,pancakes,burgers,milk,french fries,cookies,soup,ham
salmon,french fries
salmon
soup,milk,french fries,eggs,cookies,mineral water
cookies,burgers,eggs,pancakes,milk,mineral water
mineral water,pancakes,milk
eggs,cookies,pancakes
mineral water,cookies,ham,burgers,french fries
milk,salmon,ham
pancakes,ham,french fries
burgers,soup,mineral water,eggs,salmon,milk
milk,ham,mineral water,soup,salmon,burgers
milk,ham,soup,eggs,salmon,mineral water,french fries,cookies
pancakes,salmon,french fries,mineral water
salmon,soup,french fries,burgers
eggs,ham
mineral water,salmon,eggs,burgers,cookies,pancakes,soup,french fries
eggs,salmon,pancakes
mineral water,cookies
pancakes
milk,eggs,salmon,cookies
ham,cookies,milk,eggs,soup,salmon,french fries,pancakes
salad
cookies,soup,ham,eggs,burgers,pancakes,milk,french fries
mineral water,milk,burgers,eggs,soup
cookies,mineral water,french fries,milk,eggs,pancakes,soup
ham,soup,french fries
tomato sauce
burgers,mineral water
mashed potato
salmon,burgers,soup,milk,french fries,mineral water,ham
mineral water,cookies,burgers,ham,french fries
pancakes,burgers,soup,french fries
eggs,mineral water,pancakes,soup
ham,salmon
cookies,soup,pancakes,ham,french fries
salt
burgers,cookies,salmon,mineral water,ham,eggs
burgers,milk,pancakes,soup,eggs
milk,soup
ham,milk,cookies,salmon,soup,pancakes,eggs
salmon,french fries,ham,milk,pancakes,eggs,mineral water,soup
cookies,soup
soup,eggs,pancakes,ham
eggs,milk,burgers,cookies,mineral water
mineral water,french fries,ham
mineral water,soup
ham,milk,soup,french fries,eggs,cookies
soup,milk,eggs,ham,pancakes,mineral water,salmon,burgers
salmon,milk,eggs,cookies,pancakes,ham,french fries
french fries,milk,salmon,burgers,soup,cookies,ham
french fries,soup
ham,eggs,cookies,salmon,french fries
french fries,burgers,cookies,pancakes,ham,milk,mineral water,eggs
mineral water,french fries,burgers,soup,salmon,eggs,pancakes,ham
mineral water,burgers
eggs,french fries,burgers,pancakes,soup,cookies
eggs,burgers,ham,salmon,french fries,mineral water
brownies
burgers,cookies,soup
salmon,ham,cookies,soup,pancakes,eggs,mineral water,burgers
milk,eggs
pancakes,ham,cookies,mineral water,salmon,eggs,burgers
burgers,cookies,eggs,mineral water,french fries,pancakes
milk,salmon
salmon,burgers,milk,ham,pancakes,eggs,cookies,french fries
mineral water,soup,salmon,burgers
milk,eggs,ham,salmon,cookies,burgers,pancakes
burgers
ham,soup,french fries,milk
pancakes,eggs,salmon,mineral water,cookies
mineral water,soup,pancakes,french fries,eggs,milk
